"Category Id","Category Name",Desc
1,"Root Catalog"
2,"Default Category"
3,"What's New","This is desc"
4,Women,"test desc"
5,Men
6,Gear
7,Traininig,"<style>#html-body [data-pb-style=PHGQW9H]{justify-content:flex-start;display:flex;flex-direction:column;background-position:left top;background-size:cover;background-repeat:no-repeat;background-attachment:scroll}</style><div data-content-type=""row"" data-appearance=""contained"" data-element=""main""><div data-enable-parallax=""0"" data-parallax-speed=""0.5"" data-background-images=""{}"" data-background-type=""image"" data-video-loop=""true"" data-video-play-only-visible=""true"" data-video-lazy-load=""true"" data-video-fallback-src="""" data-element=""inner"" data-pb-style=""PHGQW9H""><div data-content-type=""text"" data-appearance=""default"" data-element=""main""><p>This is training desc</p></div></div></div>"
8,Sale
