<?xml version="1.0"?>
<!--
/**
 * Copyright © 2016 Magento. All rights reserved.
 * See COPYING.txt for license details.
 */
-->

<config xmlns:xsi="http://www.w3.org/2001/XMLSchema-instance" xsi:noNamespaceSchemaLocation="urn:magento:framework:ObjectManager/etc/config.xsd">
    <!-- Payment Method Facade configuration -->
    <virtualType name="SamplePaymentGatewayFacade" type="Magento\Payment\Model\Method\Adapter">
        <arguments>
            <argument name="code" xsi:type="const">\Baytonia\Emkanpay\Model\Ui\ConfigProvider::CODE</argument>
            <argument name="formBlockType" xsi:type="string">Magento\Payment\Block\Form</argument>
            <argument name="infoBlockType" xsi:type="string">Baytonia\Emkanpay\Block\Info</argument>
            <argument name="valueHandlerPool" xsi:type="object">SamplePaymentGatewayValueHandlerPool</argument>
            <argument name="commandPool" xsi:type="object">SamplePaymentGatewayCommandPool</argument>
        </arguments>
    </virtualType>

    <!-- Configuration reader -->
    <virtualType name="SamplePaymentGatewayConfig" type="Magento\Payment\Gateway\Config\Config">
        <arguments>
            <argument name="methodCode" xsi:type="const">\Baytonia\Emkanpay\Model\Ui\ConfigProvider::CODE</argument>
        </arguments>
    </virtualType>

    <!-- Logger, initialized with SamplePaymentGatewayConfig -->
    <virtualType name="SamplePaymentGatewayLogger" type="Magento\Payment\Model\Method\Logger">
        <arguments>
            <argument name="config" xsi:type="object">SamplePaymentGatewayConfig</argument>
        </arguments>
    </virtualType>

    <type name="Baytonia\Emkanpay\Gateway\Http\Client\ClientMock">
        <arguments>
            <argument name="logger" xsi:type="object">SamplePaymentGatewayLogger</argument>
        </arguments>
    </type>

    <!-- Commands infrastructure -->
    <virtualType name="SamplePaymentGatewayCommandPool" type="Magento\Payment\Gateway\Command\CommandPool">
        <arguments>
            <argument name="commands" xsi:type="array">
                <item name="authorize" xsi:type="string">SamplePaymentGatewayAuthorizeCommand</item>
                <item name="capture" xsi:type="string">SamplePaymentGatewayCaptureCommand</item>
                <item name="void" xsi:type="string">SamplePaymentGatewayVoidCommand</item>
            </argument>
        </arguments>
    </virtualType>

    <!-- Authorize command -->
    <virtualType name="SamplePaymentGatewayAuthorizeCommand" type="Magento\Payment\Gateway\Command\GatewayCommand">
        <arguments>
            <argument name="requestBuilder" xsi:type="object">SamplePaymentGatewayAuthorizationRequest</argument>
            <argument name="handler" xsi:type="object">SamplePaymentGatewayResponseHandlerComposite</argument>
            <argument name="transferFactory" xsi:type="object">Baytonia\Emkanpay\Gateway\Http\TransferFactory</argument>
            <argument name="client" xsi:type="object">Baytonia\Emkanpay\Gateway\Http\Client\ClientMock</argument>
        </arguments>
    </virtualType>

    <!-- Authorization Request -->
    <virtualType name="SamplePaymentGatewayAuthorizationRequest" type="Magento\Payment\Gateway\Request\BuilderComposite">
        <arguments>
            <argument name="builders" xsi:type="array">
                <item name="transaction" xsi:type="string">Baytonia\Emkanpay\Gateway\Request\AuthorizationRequest</item>
                <item name="mockData" xsi:type="string">Baytonia\Emkanpay\Gateway\Request\MockDataRequest</item>
            </argument>
        </arguments>
    </virtualType>
    <type name="Baytonia\Emkanpay\Gateway\Request\AuthorizationRequest">
        <arguments>
            <argument name="config" xsi:type="object">SamplePaymentGatewayConfig</argument>
        </arguments>
    </type>

    <!-- Capture command -->
    <virtualType name="SamplePaymentGatewayCaptureCommand" type="Magento\Payment\Gateway\Command\GatewayCommand">
        <arguments>
            <argument name="requestBuilder" xsi:type="object">Baytonia\Emkanpay\Gateway\Request\CaptureRequest</argument>
            <argument name="handler" xsi:type="object">Baytonia\Emkanpay\Gateway\Response\TxnIdHandler</argument>
            <argument name="transferFactory" xsi:type="object">Baytonia\Emkanpay\Gateway\Http\TransferFactory</argument>
            <argument name="validator" xsi:type="object">Baytonia\Emkanpay\Gateway\Validator\ResponseCodeValidator</argument>
            <argument name="client" xsi:type="object">Baytonia\Emkanpay\Gateway\Http\Client\ClientMock</argument>
        </arguments>
    </virtualType>

    <!-- Capture Request -->
    <type name="Baytonia\Emkanpay\Gateway\Request\CaptureRequest">
        <arguments>
            <argument name="config" xsi:type="object">SamplePaymentGatewayConfig</argument>
        </arguments>
    </type>

    <!-- Void command -->
    <virtualType name="SamplePaymentGatewayVoidCommand" type="Magento\Payment\Gateway\Command\GatewayCommand">
        <arguments>
            <argument name="requestBuilder" xsi:type="object">Baytonia\Emkanpay\Gateway\Request\VoidRequest</argument>
            <argument name="handler" xsi:type="object">Baytonia\Emkanpay\Gateway\Response\TxnIdHandler</argument>
            <argument name="transferFactory" xsi:type="object">Baytonia\Emkanpay\Gateway\Http\TransferFactory</argument>
            <argument name="validator" xsi:type="object">Baytonia\Emkanpay\Gateway\Validator\ResponseCodeValidator</argument>
            <argument name="client" xsi:type="object">Baytonia\Emkanpay\Gateway\Http\Client\ClientMock</argument>
        </arguments>
    </virtualType>

    <!-- Void Request -->
    <type name="Baytonia\Emkanpay\Gateway\Request\VoidRequest">
        <arguments>
            <argument name="config" xsi:type="object">SamplePaymentGatewayConfig</argument>
        </arguments>
    </type>

    <!-- Response handlers -->
    <virtualType name="SamplePaymentGatewayResponseHandlerComposite" type="Magento\Payment\Gateway\Response\HandlerChain">
        <arguments>
            <argument name="handlers" xsi:type="array">
                <item name="txnid" xsi:type="string">Baytonia\Emkanpay\Gateway\Response\TxnIdHandler</item>
                <item name="fraud" xsi:type="string">Baytonia\Emkanpay\Gateway\Response\FraudHandler</item>
            </argument>
        </arguments>
    </virtualType>

    <!-- Value handlers infrastructure -->
    <virtualType name="SamplePaymentGatewayValueHandlerPool" type="Magento\Payment\Gateway\Config\ValueHandlerPool">
        <arguments>
            <argument name="handlers" xsi:type="array">
                <item name="default" xsi:type="string">SamplePaymentGatewayConfigValueHandler</item>
            </argument>
        </arguments>
    </virtualType>
    <virtualType name="SamplePaymentGatewayConfigValueHandler" type="Magento\Payment\Gateway\Config\ConfigValueHandler">
        <arguments>
            <argument name="configInterface" xsi:type="object">SamplePaymentGatewayConfig</argument>
        </arguments>
    </virtualType>

    <type name="Baytonia\Emkanpay\Block\Info">
        <arguments>
            <argument name="config" xsi:type="object">SamplePaymentGatewayConfig</argument>
        </arguments>
    </type>

</config>
