<?xml version="1.0"?>

<config xmlns:xsi="http://www.w3.org/2001/XMLSchema-instance" xsi:noNamespaceSchemaLocation="urn:magento:framework:ObjectManager/etc/config.xsd">
    <virtualType name="TechiqDriverGridFilterPool" type="Magento\Framework\View\Element\UiComponent\DataProvider\FilterPool">
        <arguments>
            <argument name="appliers" xsi:type="array">
                <item name="regular" xsi:type="object">Magento\Framework\View\Element\UiComponent\DataProvider\RegularFilter</item>
                <item name="fulltext" xsi:type="object">Magento\Framework\View\Element\UiComponent\DataProvider\FulltextFilter</item>
            </argument>
        </arguments>
    </virtualType>
    <virtualType name="TechiqDriverGridDataProvider" type="Magento\Framework\View\Element\UiComponent\DataProvider\DataProvider">
        <arguments>
            <argument name="collection" xsi:type="object" shared="false">Techiq\Driver\Model\ResourceModel\Events\Collection</argument>
            <argument name="filterPool" xsi:type="object" shared="false">TechiqDriverGridFilterPool</argument>
        </arguments>
    </virtualType>
    <virtualType name="Techiq\Driver\Model\ResourceModel\Events\Grid\Collection" type="Magento\Framework\View\Element\UiComponent\DataProvider\SearchResult">
        <arguments>
            <argument name="mainTable" xsi:type="string">techiq_driver_table</argument>
            <argument name="resourceModel" xsi:type="string">Techiq\Driver\Model\ResourceModel\Events</argument>
        </arguments>
    </virtualType>
    <type name="Magento\Framework\View\Element\UiComponent\DataProvider\CollectionFactory">
        <arguments>
            <argument name="collections" xsi:type="array">
                <item name="techiq_driver_index_listing_data_source" xsi:type="string">Techiq\Driver\Model\ResourceModel\Events\Grid\Collection</item>
            </argument>
        </arguments>
    </type>
</config>