"Category Id","Category Name",Description,"Meta Title","Meta Keywords","Meta Description",Status,"Include In Menu",Image,"Url Key"
1,"Root Catalog",,,,,,1,,
2,"Root Catalog/Default Category",,,,,1,1,,
3,"Root Catalog/Default Category/What's New","This is desc",,,,1,1,,what-s-new
4,"Root Catalog/Default Category/Women","<div data-content-type=""html"" data-appearance=""default"" data-element=""main"">test desc</div>",,,"Meta Desc",1,1,/media/catalog/category/side-image.png,women
5,"Root Catalog/Default Category/Men",,,,,1,1,,men
6,"Root Catalog/Default Category/Gear",,,,,1,1,,gear
7,"Root Catalog/Default Category/Traininig","<style>#html-body [data-pb-style=PHGQW9H]{justify-content:flex-start;display:flex;flex-direction:column;background-position:left top;background-size:cover;background-repeat:no-repeat;background-attachment:scroll}</style><div data-content-type=""row"" data-appearance=""contained"" data-element=""main""><div data-enable-parallax=""0"" data-parallax-speed=""0.5"" data-background-images=""{}"" data-background-type=""image"" data-video-loop=""true"" data-video-play-only-visible=""true"" data-video-lazy-load=""true"" data-video-fallback-src="""" data-element=""inner"" data-pb-style=""PHGQW9H""><div data-content-type=""text"" data-appearance=""default"" data-element=""main""><p>This is training desc</p></div></div></div>"," Meta Title - Training"," Meta Keywords Training",,1,1,,traininig
8,"Root Catalog/Default Category/Sale",,,,,1,1,,sale
