<?xml version="1.0" ?>
<config xmlns:xsi="http://www.w3.org/2001/XMLSchema-instance" xsi:noNamespaceSchemaLocation="urn:magento:framework:Acl/etc/acl.xsd">
	<acl>
		<resources>
			<resource id="Magento_Backend::admin">
				<resource id="Yogi_Eav::Blog" title="Blog" sortOrder="10">
					<resource id="Yogi_Eav::Blog_save" title="Save Blog" sortOrder="10"/>
					<resource id="Yogi_Eav::Blog_delete" title="Delete Blog" sortOrder="20"/>
					<resource id="Yogi_Eav::Blog_update" title="Update Blog" sortOrder="30"/>
					<resource id="Yogi_Eav::Blog_view" title="View Blog" sortOrder="40"/>
				</resource>
			</resource>
		</resources>
	</acl>
</config>
