<?xml version="1.0" ?>
<config xmlns:xsi="http://www.w3.org/2001/XMLSchema-instance" xsi:noNamespaceSchemaLocation="urn:magento:framework:ObjectManager/etc/config.xsd">
	<preference for="Yogi\Eav\Api\BlogRepositoryInterface" type="Yogi\Eav\Model\BlogRepository"/>
	<preference for="Yogi\Eav\Api\Data\BlogInterface" type="Yogi\Eav\Model\Data\Blog"/>
	<preference for="Yogi\Eav\Api\Data\BlogSearchResultsInterface" type="Magento\Framework\Api\SearchResults"/>
	<virtualType name="Yogi\Eav\Model\ResourceModel\Blog\Grid\Collection" type="Magento\Framework\View\Element\UiComponent\DataProvider\SearchResult">
		<arguments>
			<argument name="mainTable" xsi:type="string">yogi_blog_entity</argument>
			<argument name="resourceModel" xsi:type="string">Yogi\Eav\Model\ResourceModel\Blog\Collection</argument>
		</arguments>
	</virtualType>
	<type name="Magento\Framework\View\Element\UiComponent\DataProvider\CollectionFactory">
		<arguments>
			<argument name="collections" xsi:type="array">
				<item name="yogi_blog_entity_listing_data_source" xsi:type="string">Yogi\Eav\Model\ResourceModel\Blog\Grid\Collection</item>
			</argument>
		</arguments>
	</type>
</config>
