<?xml version="1.0"?>
<!--
/**
 * Copyright © Magento, Inc. All rights reserved.
 * See COPYING.txt for license details.
 */
-->
<config xmlns:xsi="http://www.w3.org/2001/XMLSchema-instance" xsi:noNamespaceSchemaLocation="urn:magento:module:Magento_Config:etc/system_file.xsd">
    <system>
    <tab id="Roki_Admin" sortOrder="120" translate="label">
    <label> NLIS</label>
    </tab>
    <section id="firstsction" translate="label" sortOrder="100" showInWebsite="1" showInStore="1" showInDefault="1">
    <label>Roki Producertag</label>
    <tab>Roki_Admin</tab>
    <resource>Roki_ProducersTag::parent</resource>
    <group id="catalog" showInDefault="1"  showInStore="1" showInWebsite="1">
    <label>Producer Tag</label>
    <!-- First field -->
    <field id="Firstfield" showInWebsite="1" showInStore="1" showInDefault="1" translate="label" type="select" sortOrder="100">
    <label>Enabled</label>
    <source_model>Magento\Config\Model\Config\Source\Yesno</source_model>
    </field>
    <!-- Second field -->
    <field id="Secondfield" showInWebsite="1" showInStore="1" showInDefault="1" translate="label" type="text" sortOrder="200">
    <label>Product Ids</label>
    </field>
    <!-- Third field -->
    <field id="Thirdfield" showInWebsite="1" showInStore="1" showInDefault="1" translate="label" type="text" sortOrder="300">
    <label> Classes Comma Separate</label>
    </field>
    </group>
      </section>
     </system>
    </config> 