{
    "student_article": {
        "column": {
            "id": true,
            "title": true,
            "content": true,
            "created_at": true
        },
        "constraint": {
            "PRIMARY": true
        }
    },
    "student_marks": {
        "column": {
            "id": true,
            "title": true,
            "content": true,
            "created_at": true,
            "updated_at": true
        },
        "constraint": {
            "PRIMARY": true
        }
    },
    "student_score": {
        "column": {
            "id": true,
            "title": true,
            "content": true,
            "created_at": true
        },
        "constraint": {
            "PRIMARY": true
        }
    },
    "student_new_article": {
        "column": {
            "id": true,
            "title": true,
            "content": true,
            "created_at": true,
            "description": true
        },
        "constraint": {
            "PRIMARY": true
        }
    },
    "student_news_article": {
        "column": {
            "id": true,
            "title": true,
            "content": true,
            "created_at": true
        },
        "constraint": {
            "PRIMARY": true
        }
    }
}