<?xml version="1.0"?>
<schema xmlns:xsi="http://www.w3.org/2001/XMLSchema-instance" xsi:noNamespaceSchemaLocation="urn:magento:framework:Setup/Declaration/Schema/etc/schema.xsd">
  
    <table name="student_marks" resource="default" engine="innodb" comment="student_marks is the table name" onCreate="migrateDataFromAnotherTable(student_article)">
      <column xsi:type="int" name="id" unsigned="true" nullable="false" comment="Id"/>
      <column xsi:type="text" name="title" nullable="false" comment="Title"/>
      <column xsi:type="varchar" name="content" nullable="false" length="255" comment="Descrition" />
      <column xsi:type="timestamp" name="created_at" comment="Created At"/>
      <column xsi:type="timestamp" name="updated_at" comment="Updated At"/>
      <constraint xsi:type="primary" referenceId="PRIMARY">
         <column name="id" />
      </constraint>
   </table>

   <table name="student_score" resource="default" engine="innodb" comment="student_score is the table name">
      <column xsi:type="int" name="id" unsigned="true" nullable="false" comment="Id"/>
      <column xsi:type="varchar" name="title" nullable="false" length="255" comment="Title" />
      <column xsi:type="varchar" name="content" nullable="false" length="255" comment="Descrition" />
      <column xsi:type="timestamp" name="created_at" comment="Created At"/>
      <constraint xsi:type="primary" referenceId="PRIMARY">
         <column name="id" />
      </constraint>
   </table>

    <table name="student_article" resource="default" engine="innodb" comment="student_new_articleis the table name">
      <column xsi:type="int" name="id" unsigned="true" nullable="false" comment="Id"/>
      <column xsi:type="varchar" name="title" nullable="false" length="255" comment="Title" />
      <column xsi:type="varchar" name="content" nullable="false" length="255" comment="Descrition" />
      <column xsi:type="timestamp" name="created_at" comment="Created At"/>
      <constraint xsi:type="primary" referenceId="PRIMARY">
         <column name="id" />
      </constraint>
      <index referenceId="SCHOOL_STUDENT_TITLE" indexType="fulltext">
           <column name="title"/>
       </index>
      <index referenceId="SCHOOL_STUDENT_CONTENT" indexType="fulltext">
           <column name="content"/>
       </index>
   </table>



</schema>