<?xml version="1.0"?>
<config xmlns:xsi="http://www.w3.org/2001/XMLSchema-instance" xsi:noNamespaceSchemaLocation="urn:magento:framework:ObjectManager/etc/config.xsd">
	<preference for="Sanjeev\Blog\Controller\Index\Index" type="School\Student\Controller\Rewrite\Index\Index" />

    <type name="Magento\Framework\View\Element\UiComponent\DataProvider\CollectionFactory">
        <arguments>
            <argument name="collections" xsi:type="array">
                <item name="school_student_create_listing_data_source" xsi:type="string">School\Student\Model\ResourceModel\View\View\Collection</item>
            </argument>
        </arguments>
    </type>
    
    <type name="School\Student\Model\ResourceModel\View\View\Collection">
        <arguments>
            <argument name="mainTable" xsi:type="string">student_article</argument>
             <argument name="eventPrefix" xsi:type="string">school_student_view_view_collection</argument>
            <argument name="eventObject" xsi:type="string">school_student_view_collection</argument>
            
            <argument name="resourceModel" xsi:type="string">School\Student\Model\ResourceModel\View</argument>
        </arguments>
    </type>
</config>