<?xml version="1.0"?>
<!--
/**
 * Copyright © Magento, Inc. All rights reserved.
 * See COPYING.txt for license details.
 */
-->
<config xmlns:xsi="http://www.w3.org/2001/XMLSchema-instance" xsi:noNamespaceSchemaLocation="urn:magento:module:Magento_Config:etc/system_file.xsd">
    <system>
    <section id="payment" translate="label" type="text" sortOrder="400" showInDefault="1" showInWebsite="1" showInStore="1">
            <label>Payment Methods</label>
            <tab>sales</tab>
            <!-- <resource>Magento_Payment::payment</resource> -->
    
    <group id="sample_gateway" showInDefault="1"  showInStore="1" showInWebsite="1">
    <label>Emkan Pay</label>
    <!-- First field -->
    <field id="active" showInWebsite="1" showInStore="1" showInDefault="1" translate="label" type="select" sortOrder="100">
    <label>Enabled</label>
    <source_model>Magento\Config\Model\Config\Source\Yesno</source_model>
    </field>
    <!-- Second field -->
    <field id="Secondfield" showInWebsite="1" showInStore="1" showInDefault="1" translate="label" type="text" sortOrder="200">
    <label>Username</label>
    </field>
    <!-- Third field -->
    <field id="Thirdfield" showInWebsite="1" showInStore="1" showInDefault="1" translate="label" type="password" sortOrder="300">
    <label>Password</label>
    </field>
    </group>
      </section>
     </system>
    </config> 