<?xml version="1.0"?> 
<config xmlns:xsi="http://www.w3.org/2001/XMLSchema-instance" xsi:noNamespaceSchemaLocation="urn:magento:framework:Acl/etc/acl.xsd">
    <acl>
        <resources>
                    <resource id="Magento_Backend::admin">
                        <resource id="Roki_ProducersTag::parent" title="Custom Admin Parent" 
                        translate="title" sortOrder="30">
                            <resource id="Roki_ProducersTag::firstchild" title="First_Child" translate="title" sortOrder="10">
                        </resource>      
                    </resource>      
                    </resource>      
        </resources>
    </acl>
</config>
