<?xml version="1.0" ?>
<schema xmlns:xsi="http://www.w3.org/2001/XMLSchema-instance">
	<table name="yogi_blog_entity_datetime" resource="default" engine="innodb" comment="yogi_blog_entity_datetime Table">
		<column xsi:type="int" name="value_id" padding="11" unsigned="false" nullable="false" identity="true" comment="Value ID"/>
		<column xsi:type="smallint" name="attribute_id" padding="5" unsigned="true" nullable="false" identity="false" default="0" comment="Attribute ID"/>
		<column xsi:type="int" name="entity_id" padding="10" unsigned="true" nullable="false" identity="false" default="0" comment="Entity ID"/>
		<constraint xsi:type="primary" referenceId="PRIMARY">
			<column name="value_id"/>
		</constraint>
		<constraint xsi:type="foreign" referenceId="YOGI_BLOG_ENTITY_DATETIME_ATTRIBUTE_ID_EAV_ATTRIBUTE_ATTRIBUTE_ID" table="yogi_blog_entity_datetime" column="attribute_id" referenceTable="eav_attribute" referenceColumn="attribute_id" onDelete="CASCADE"/>
		<constraint xsi:type="foreign" referenceId="YOGI_BLOG_ENTITY_DATETIME_ENTITY_ID_YOGI_BLOG_ENTITY_ENTITY_ID" table="yogi_blog_entity_datetime" column="entity_id" referenceTable="yogi_blog_entity" referenceColumn="entity_id" onDelete="CASCADE"/>
		<constraint xsi:type="unique" referenceId="YOGI_BLOG_ENTITY_DATETIME_ENTITY_ID_ATTRIBUTE_ID">
			<column name="entity_id"/>
			<column name="attribute_id"/>
		</constraint>
		<index referenceId="YOGI_BLOG_ENTITY_DATETIME_ATTRIBUTE_ID" indexType="btree">
			<column name="attribute_id"/>
		</index>
		<index referenceId="YOGI_BLOG_ENTITY_DATETIME_ENTITY_ID_ATTRIBUTE_ID_VALUE" indexType="btree">
			<column name="entity_id"/>
			<column name="attribute_id"/>
			<column name="value"/>
		</index>
		<column xsi:type="datetime" name="value" on_update="false" nullable="false" comment="Value"/>
	</table>
	<table name="yogi_blog_entity_decimal" resource="default" engine="innodb" comment="yogi_blog_entity_decimal Table">
		<column xsi:type="int" name="value_id" padding="11" unsigned="false" nullable="false" identity="true" comment="Value ID"/>
		<column xsi:type="smallint" name="attribute_id" padding="5" unsigned="true" nullable="false" identity="false" default="0" comment="Attribute ID"/>
		<column xsi:type="int" name="entity_id" padding="10" unsigned="true" nullable="false" identity="false" default="0" comment="Entity ID"/>
		<constraint xsi:type="primary" referenceId="PRIMARY">
			<column name="value_id"/>
		</constraint>
		<constraint xsi:type="foreign" referenceId="YOGI_BLOG_ENTITY_DECIMAL_ATTRIBUTE_ID_EAV_ATTRIBUTE_ATTRIBUTE_ID" table="yogi_blog_entity_decimal" column="attribute_id" referenceTable="eav_attribute" referenceColumn="attribute_id" onDelete="CASCADE"/>
		<constraint xsi:type="foreign" referenceId="YOGI_BLOG_ENTITY_DECIMAL_ENTITY_ID_YOGI_BLOG_ENTITY_ENTITY_ID" table="yogi_blog_entity_decimal" column="entity_id" referenceTable="yogi_blog_entity" referenceColumn="entity_id" onDelete="CASCADE"/>
		<constraint xsi:type="unique" referenceId="YOGI_BLOG_ENTITY_DECIMAL_ENTITY_ID_ATTRIBUTE_ID">
			<column name="entity_id"/>
			<column name="attribute_id"/>
		</constraint>
		<index referenceId="YOGI_BLOG_ENTITY_DECIMAL_ATTRIBUTE_ID" indexType="btree">
			<column name="attribute_id"/>
		</index>
		<index referenceId="YOGI_BLOG_ENTITY_DECIMAL_ENTITY_ID_ATTRIBUTE_ID_VALUE" indexType="btree">
			<column name="entity_id"/>
			<column name="attribute_id"/>
			<column name="value"/>
		</index>
		<column xsi:type="decimal" name="value" scale="4" precision="12" unsigned="false" nullable="false" default="0" comment="Value"/>
	</table>
	<table name="yogi_blog_entity_int" resource="default" engine="innodb" comment="yogi_blog_entity_int Table">
		<column xsi:type="int" name="value_id" padding="11" unsigned="false" nullable="false" identity="true" comment="Value ID"/>
		<column xsi:type="smallint" name="attribute_id" padding="5" unsigned="true" nullable="false" identity="false" default="0" comment="Attribute ID"/>
		<column xsi:type="int" name="entity_id" padding="10" unsigned="true" nullable="false" identity="false" default="0" comment="Entity ID"/>
		<constraint xsi:type="primary" referenceId="PRIMARY">
			<column name="value_id"/>
		</constraint>
		<constraint xsi:type="foreign" referenceId="YOGI_BLOG_ENTITY_INT_ATTRIBUTE_ID_EAV_ATTRIBUTE_ATTRIBUTE_ID" table="yogi_blog_entity_int" column="attribute_id" referenceTable="eav_attribute" referenceColumn="attribute_id" onDelete="CASCADE"/>
		<constraint xsi:type="foreign" referenceId="YOGI_BLOG_ENTITY_INT_ENTITY_ID_YOGI_BLOG_ENTITY_ENTITY_ID" table="yogi_blog_entity_int" column="entity_id" referenceTable="yogi_blog_entity" referenceColumn="entity_id" onDelete="CASCADE"/>
		<constraint xsi:type="unique" referenceId="YOGI_BLOG_ENTITY_INT_ENTITY_ID_ATTRIBUTE_ID">
			<column name="entity_id"/>
			<column name="attribute_id"/>
		</constraint>
		<index referenceId="YOGI_BLOG_ENTITY_INT_ATTRIBUTE_ID" indexType="btree">
			<column name="attribute_id"/>
		</index>
		<index referenceId="YOGI_BLOG_ENTITY_INT_ENTITY_ID_ATTRIBUTE_ID_VALUE" indexType="btree">
			<column name="entity_id"/>
			<column name="attribute_id"/>
			<column name="value"/>
		</index>
		<column xsi:type="int" name="value" padding="11" unsigned="false" nullable="false" identity="false" default="0" comment="Value"/>
	</table>
	<table name="yogi_blog_entity_text" resource="default" engine="innodb" comment="yogi_blog_entity_text Table">
		<column xsi:type="int" name="value_id" padding="11" unsigned="false" nullable="false" identity="true" comment="Value ID"/>
		<column xsi:type="smallint" name="attribute_id" padding="5" unsigned="true" nullable="false" identity="false" default="0" comment="Attribute ID"/>
		<column xsi:type="int" name="entity_id" padding="10" unsigned="true" nullable="false" identity="false" default="0" comment="Entity ID"/>
		<constraint xsi:type="primary" referenceId="PRIMARY">
			<column name="value_id"/>
		</constraint>
		<constraint xsi:type="foreign" referenceId="YOGI_BLOG_ENTITY_TEXT_ATTRIBUTE_ID_EAV_ATTRIBUTE_ATTRIBUTE_ID" table="yogi_blog_entity_text" column="attribute_id" referenceTable="eav_attribute" referenceColumn="attribute_id" onDelete="CASCADE"/>
		<constraint xsi:type="foreign" referenceId="YOGI_BLOG_ENTITY_TEXT_ENTITY_ID_YOGI_BLOG_ENTITY_ENTITY_ID" table="yogi_blog_entity_text" column="entity_id" referenceTable="yogi_blog_entity" referenceColumn="entity_id" onDelete="CASCADE"/>
		<constraint xsi:type="unique" referenceId="YOGI_BLOG_ENTITY_TEXT_ENTITY_ID_ATTRIBUTE_ID">
			<column name="entity_id"/>
			<column name="attribute_id"/>
		</constraint>
		<index referenceId="YOGI_BLOG_ENTITY_TEXT_ATTRIBUTE_ID" indexType="btree">
			<column name="attribute_id"/>
		</index>
		<column xsi:type="text" name="value" nullable="true" comment="Value"/>
	</table>
	<table name="yogi_blog_entity_varchar" resource="default" engine="innodb" comment="yogi_blog_entity_varchar Table">
		<column xsi:type="int" name="value_id" padding="11" unsigned="false" nullable="false" identity="true" comment="Value ID"/>
		<column xsi:type="smallint" name="attribute_id" padding="5" unsigned="true" nullable="false" identity="false" default="0" comment="Attribute ID"/>
		<column xsi:type="int" name="entity_id" padding="10" unsigned="true" nullable="false" identity="false" default="0" comment="Entity ID"/>
		<constraint xsi:type="primary" referenceId="PRIMARY">
			<column name="value_id"/>
		</constraint>
		<constraint xsi:type="foreign" referenceId="YOGI_BLOG_ENTITY_VARCHAR_ATTRIBUTE_ID_EAV_ATTRIBUTE_ATTRIBUTE_ID" table="yogi_blog_entity_varchar" column="attribute_id" referenceTable="eav_attribute" referenceColumn="attribute_id" onDelete="CASCADE"/>
		<constraint xsi:type="foreign" referenceId="YOGI_BLOG_ENTITY_VARCHAR_ENTITY_ID_YOGI_BLOG_ENTITY_ENTITY_ID" table="yogi_blog_entity_varchar" column="entity_id" referenceTable="yogi_blog_entity" referenceColumn="entity_id" onDelete="CASCADE"/>
		<constraint xsi:type="unique" referenceId="YOGI_BLOG_ENTITY_VARCHAR_ENTITY_ID_ATTRIBUTE_ID">
			<column name="entity_id"/>
			<column name="attribute_id"/>
		</constraint>
		<index referenceId="YOGI_BLOG_ENTITY_VARCHAR_ATTRIBUTE_ID" indexType="btree">
			<column name="attribute_id"/>
		</index>
		<index referenceId="YOGI_BLOG_ENTITY_VARCHAR_ENTITY_ID_ATTRIBUTE_ID_VALUE" indexType="btree">
			<column name="entity_id"/>
			<column name="attribute_id"/>
			<column name="value"/>
		</index>
		<column xsi:type="varchar" name="value" nullable="true" length="255" comment="Value"/>
	</table>
	<table name="yogi_blog_entity" resource="default" engine="innodb" comment="yogi_blog_entity Table">
		<column xsi:type="int" name="entity_id" padding="10" unsigned="true" nullable="false" identity="true" comment="Entity Id"/>
		<constraint xsi:type="primary" referenceId="PRIMARY">
			<column name="entity_id"/>
		</constraint>
		<column xsi:type="varchar" name="title" nullable="true"/>
	</table>
</schema>
