<?xml version="1.0"?>
<config xmlns:xsi="http://www.w3.org/2001/XMLSchema-instance" xsi:noNamespaceSchemaLocation="urn:magento:module:Magento_Backend:etc/menu.xsd">
    <menu>
        <add id="School_Student::sports" title="Sports" translate="title" module="School_Student" sortOrder="10" resource="School_Student::sports"/>

        <!-- Heading 1 -->

          <add id="School_Student::heading1" title="Heading1" translate="title" parent="School_Student::sports" module="School_Student" sortOrder="10" resource="School_Student::heading1"/>

        <add id="School_Student::cricket" title="Cricket" translate="title" parent="School_Student::heading1" module="School_Student" sortOrder="10" resource="School_Student::cricket" action="mymodule/create/index"/>

        <!-- Heading 2 -->

        <add id="School_Student::indoor" title="Indoor" translate="title" parent="School_Student::sports" module="School_Student" sortOrder="10" resource="School_Student::indoor"/>
        
        <add id="School_Student::football" title="Football" translate="title" parent="School_Student::indoor" module="School_Student" sortOrder="10" resource="School_Student::football" action="student/blog/index"/>
        
        <add id="School_Student::tennis" title="Tennis" translate="title" parent="School_Student::indoor" module="School_Student" sortOrder="10" resource="School_Student::tennis" action="student/blog/index"/>
        

    </menu>




</config>